{
  "Delete payment": {
    "method": "DELETE",
    "url": "http://localhost:8080/web/v1/payments/4028811a5feb180d015feb1bb9d90001/3",
    "body": "",
    "overrideMimeType": false,
    "headers": [
      [
        "Authorization",
        "as8kl3hgoout89r"
      ],
      [
        "Content-Type",
        "application/json"
      ]
    ]
  },
  "Update payment": {
    "method": "PUT",
    "url": "http://localhost:8080/web/v1/payments/4028811a5feb180d015feb1bb9d90000",
    "body": "    {\n      \"type\": \"Payment\",\n      \"version\": 1,\n      \"organisation_id\": \"743d5b63-8e6f-432e-a8fa-c5d8d2ee5fcb\",\n      \"attributes\": {\n        \"amount\": \"100.21\",\n        \"beneficiary_party\": {\n          \"account_name\": \"W Owens\",\n          \"account_number\": \"31926819\",\n          \"account_number_code\": \"BBAN\",\n          \"account_type\": 0,\n          \"address\": \"1 The Beneficiary Localtown SE4\",\n          \"bank_id\": \"403000\",\n          \"bank_id_code\": \"GBDSC\",\n          \"name\": \"Wilfred Jeremiah Owens\"\n        },\n        \"charges_information\": {\n          \"bearer_code\": \"SHAR\",\n          \"sender_charges\": [\n            {\n              \"amount\": \"5.00\",\n              \"currency\": \"GBP\"\n            },\n            {\n              \"amount\": \"10.00\",\n              \"currency\": \"USD\"\n            }\n          ],\n          \"receiver_charges_amount\": \"1.00\",\n          \"receiver_charges_currency\": \"USD\"\n        },\n        \"currency\": \"GBP\",\n        \"debtor_party\": {\n          \"account_name\": \"EJ Brown Black\",\n          \"account_number\": \"GB29XABC10161234567801\",\n          \"account_number_code\": \"IBAN\",\n          \"address\": \"10 Debtor Crescent Sourcetown NE1\",\n          \"bank_id\": \"203301\",\n          \"bank_id_code\": \"GBDSC\",\n          \"name\": \"Emelia Jane Brown\"\n        },\n        \"end_to_end_reference\": \"Wil piano Jan\",\n        \"fx\": {\n          \"contract_reference\": \"FX123\",\n          \"exchange_rate\": \"2.00000\",\n          \"original_amount\": \"200.42\",\n          \"original_currency\": \"USD\"\n        },\n        \"numeric_reference\": \"1002001\",\n        \"payment_id\": \"123456789012345678\",\n        \"payment_purpose\": \"Paying for goods/services\",\n        \"payment_scheme\": \"FPS\",\n        \"payment_type\": \"Credit\",\n        \"processing_date\": \"2017-01-18\",\n        \"reference\": \"Payment for Em's piano lessons\",\n        \"scheme_payment_sub_type\": \"InternetBanking\",\n        \"scheme_payment_type\": \"ImmediatePayment\",\n        \"sponsor_party\": {\n          \"account_number\": \"56781234\",\n          \"bank_id\": \"123123\",\n          \"bank_id_code\": \"GBDSC\"\n        }\n      }\n    }\n",
    "overrideMimeType": false,
    "headers": [
      [
        "Authorization",
        "as8kl3hgoout89r"
      ],
      [
        "Content-Type",
        "application/json"
      ]
    ]
  },
  "Create payment": {
    "method": "POST",
    "url": "http://localhost:8080/web/v1/payments",
    "body": "    {\n      \"type\": \"Payment\",\n      \"id\": \"09a8fe0d-e239-4aff-8098-7923eadd0b98\",\n      \"version\": 0,\n      \"organisation_id\": \"743d5b63-8e6f-432e-a8fa-c5d8d2ee5fcb\",\n      \"attributes\": {\n        \"amount\": \"100.21\",\n        \"beneficiary_party\": {\n          \"account_name\": \"W Owens\",\n          \"account_number\": \"31926819\",\n          \"account_number_code\": \"BBAN\",\n          \"account_type\": 0,\n          \"address\": \"1 The Beneficiary Localtown SE2\",\n          \"bank_id\": \"403000\",\n          \"bank_id_code\": \"GBDSC\",\n          \"name\": \"Wilfred Jeremiah Owens\"\n        },\n        \"charges_information\": {\n          \"bearer_code\": \"SHAR\",\n          \"sender_charges\": [\n            {\n              \"amount\": \"5.00\",\n              \"currency\": \"GBP\"\n            },\n            {\n              \"amount\": \"10.00\",\n              \"currency\": \"USD\"\n            }\n          ],\n          \"receiver_charges_amount\": \"1.00\",\n          \"receiver_charges_currency\": \"USD\"\n        },\n        \"currency\": \"GBP\",\n        \"debtor_party\": {\n          \"account_name\": \"EJ Brown Black\",\n          \"account_number\": \"GB29XABC10161234567801\",\n          \"account_number_code\": \"IBAN\",\n          \"address\": \"10 Debtor Crescent Sourcetown NE1\",\n          \"bank_id\": \"203301\",\n          \"bank_id_code\": \"GBDSC\",\n          \"name\": \"Emelia Jane Brown\"\n        },\n        \"end_to_end_reference\": \"Wil piano Jan\",\n        \"fx\": {\n          \"contract_reference\": \"FX123\",\n          \"exchange_rate\": \"2.00000\",\n          \"original_amount\": \"200.42\",\n          \"original_currency\": \"USD\"\n        },\n        \"numeric_reference\": \"1002001\",\n        \"payment_id\": \"123456789012345678\",\n        \"payment_purpose\": \"Paying for goods/services\",\n        \"payment_scheme\": \"FPS\",\n        \"payment_type\": \"Credit\",\n        \"processing_date\": \"2017-01-18\",\n        \"reference\": \"Payment for Em's piano lessons\",\n        \"scheme_payment_sub_type\": \"InternetBanking\",\n        \"scheme_payment_type\": \"ImmediatePayment\",\n        \"sponsor_party\": {\n          \"account_number\": \"56781234\",\n          \"bank_id\": \"123123\",\n          \"bank_id_code\": \"GBDSC\"\n        }\n      }\n    }\n",
    "overrideMimeType": false,
    "headers": [
      [
        "Authorization",
        "as8kl3hgoout89r"
      ],
      [
        "Content-Type",
        "application/json"
      ]
    ]
  },
  "Get payment by id": {
    "method": "GET",
    "url": "http://localhost:8080/web/v1/payments/09a8fe0d-e239-4aff-8098-7923eadd0b98",
    "body": "",
    "overrideMimeType": false,
    "headers": [
      [
        "Authorization",
        "as8kl3hgoout89r"
      ]
    ]
  },
  "List payments": {
    "method": "GET",
    "url": "http://localhost:8080/web/v1/payments",
    "body": "",
    "overrideMimeType": false,
    "headers": [
      [
        "Authorization",
        "as8kl3hgoout89r"
      ]
    ]
  },
  "List payments (full data)": {
    "method": "GET",
    "url": "http://localhost:8080/web/v1/payments/full",
    "body": "",
    "overrideMimeType": false,
    "headers": [
      [
        "Authorization",
        "as8kl3hgoout89r"
      ]
    ]
  }
}